"","Sequence","X21A.1.6","X21B.1.6","X21C..1.6","MFEA","MFEB","MFEC"
"2386","GCCCAC",0.800360987,1.828712026,4.335895958,-7.3,-3.7,-8.6
"3986","UUGCAC",0.904402138,2.634637368,2.668061246,-8,-0.5,-8.6
"3988","UUGCAU",0.87425123,2.439996531,2.440823158,-8,-0.5,-8.6
"4033","UUUAAA",0.917884246,2.124435245,4.202296132,-7,-0.9,-8.6
"4034","UUUAAC",0.956933787,2.284196005,3.767987819,-7,-0.6,-8.6
"4035","UUUAAG",0.851698569,0.314596367,2.359963241,-7,-2.8,-8.6
"4036","UUUAAU",0.984419419,2.390856517,4.283996576,-7,-0.7,-8.6
"4041","UUUAGA",0.832967275,1.57948,3.99502396,-7,-0.6,-8.6
"4045","UUUAUA",0.870083536,1.961927565,2.821353163,-7,-0.5,-8.6
"4081","UUUUAA",0.945027041,2.936602807,5.293952797,-7.2,-0.5,-8.6
"4082","UUUUAC",1.160743403,3.150889357,5.235458442,-7.2,-0.5,-8.6
"4083","UUUUAG",0.832520728,1.609041199,3.435739483,-7.2,-0.5,-8.6
"4084","UUUUAU",0.978244652,3.35830771,6.217932781,-7.2,-0.5,-8.6
"4094","UUUUUC",0.802778967,1.808447632,3.173445751,-7,-0.5,-8.6
