"","X","seq","RK","RKAAVG.A","RKAAVG.B","MFEA","MFEB","RKB"
"179",197,"AAUCCG",0.819455646,0.111100194,2.193056542,-7.6,-0.5,3.802395035
"1157",1302,"CCGGUA",0.921822021,0.091806387,1.430823457,-7.3,-5.5,0.88091037
"1901",2159,"GCCGGA",0.880999233,0.109430348,0.399150567,-7.8,-11.4,0.183692165
