"","Sequence","X21A.1.6","X21B.1.6","X21C..1.6","MFEA","MFEB","MFEC"
"555","AGAGGG",0.439907579,1.020736355,0.353541264,-3.7,-7.6,-8.6
"669","AGGCUA",0.646267703,1.344625606,0.975262585,-3.4,-7.3,-8.6
"1163","CAGAGG",0.71046971,0.998781739,0.197015384,-3.2,-8.4,-8.6
"1190","CAGGCC",0.430051604,0.854871376,1.172854869,-3.6,-7.4,-8.6
"2219","GAGGGG",0.166833128,1.641379331,0.333957984,-4.7,-8.8,-8.6
"2220","GAGGGU",0.27802473,1.5484735,0.115838181,-5.2,-8.1,-8.6
"2377","GCCAGA",1.14532846,0.960869651,3.474831307,-6,-9.1,-8.6
"2412","GCCGGU",-0.651803652,2.030962706,0.95988475,-10.4,-7.1,-8.6
"2645","GGCCCA",0.338305255,0.914022045,1.100239168,-8,-7.6,-8.6
"2656","GGCCUU",0.336715561,0.903069057,2.20011934,-8.3,-8,-8.6
"2667","GGCGGG",0.337590594,0.897714922,0.199766003,-7,-7.1,-8.6
"2712","GGGCCU",0.313473822,1.103138,0.931222251,-5.6,-8.8,-8.6
"2717","GGGCUA",0.518548011,1.074874478,0.97254241,-3.8,-7,-8.6
"3736","UGGCCU",0.384935686,0.954406787,0.78507773,-7,-7.1,-8.6
